{
    "Bac": {
        "attempts": 43,
        "stars": 21,
        "best_maps": [
            1.0,
            0.9240028665029029,
            0.0,
            0.3660654008438823,
            1.0
        ],
        "wins": 1
    },
    "Phuong Bac": {
        "attempts": 33,
        "stars": 9,
        "best_maps": [
            1.0,
            1.0,
            0.0,
            0.03926000163625951,
            0.14445286885245898
        ],
        "wins": 1
    }
}